"SubCategoryID","sub_category_code","TopicE","TopicF","long_topic_E","long_topic_F","condition_use_en","condition_use_fr","CategoryID","LastUpdate"
1,a1,For use in food areas,à utiliser dans les aires alimentaires,For use in food areas,à utiliser dans les aires alimentaires,"are to be used in keeping with the instructions outlined on the label: ""wash and rinse thoroughly with potable water before handling food in the plant"".","Doivent être utilisées selon le mode d'emploi figurant sur l'étiquette : ""laver et rincer à fond à l'eau potable avant de manipuler des aliments dans l'établissement"".",1,"2004-09-15 09:01:03"
2,a2,For use in non-food areas,à utiliser dans les aires non alimentaires,For use in non-food areas,à utiliser dans les aires non alimentaires,"are to be used in keeping with the instructions outlined on the label: ""wash and rinse thoroughly with potable water before handling food in the plant"".","Doivent être utilisées selon le mode d'emploi figurant sur l'étiquette : ""laver et rincer à fond à l'eau potable avant de manipuler des aliments dans l'établissement"".",1,"2004-09-15 09:01:47"
3,c1,General cleaners,Agents nettoyants à usage général,General cleaners,Agents nettoyants à usage général,"are to be used in keeping with the instructions outlined on the label","à utiliser conformément au mode d'emploi figurant sur l'étiquette.",2,"2004-09-15 09:02:56"
4,c2,Hand cleaners,Agents nettoyants à main,Hand cleaners,Agents nettoyants à main,"are to be used in keeping with the instructions outlined on the label","à utiliser conformément au mode d'emploi figurant sur l'étiquette.",2,"2004-09-15 09:03:15"
5,c3,Cleaners/Defoamers for washing fruits and vegetables,Agents nettoyants/Agents Anti-Mousse pour nettoyer fruits et légumes,Cleaners/Defoamers for washing fruits and vegetables to be followed by a potable water rinse,Agents nettoyants/Agents Anti-Mousse pour nettoyer fruits et légumes pour ensuite être rincer à l'eau potable,"are to be used in keeping with the instructions outlined on the label","à utiliser conformément au mode d'emploi figurant sur l'étiquette.",2,"2004-09-15 09:03:29"
6,c4,Non-food handling areas,Aires de manutention non alimentaires,Non-food handling areas,Aires de manutention non alimentaires,"are to be used in keeping with the instructions outlined on the label","à utiliser conformément au mode d'emploi figurant sur l'étiquette.",2,"2004-09-15 09:03:56"
7,c5,Cleaners for personal hygiene,Agents nettoyants pour hygiène corporelle,Cleaners for personal hygiene,Agents nettoyants pour hygiène corporelle,"are to be used in keeping with the instructions outlined on the label","à utiliser conformément au mode d'emploi figurant sur l'étiquette.",2,"2004-09-15 09:04:27"
8,c6,Drain cleaners,Agents nettoyants pour les drains,Drain cleaners,Agents nettoyants pour les drains,"are to be used in keeping with the instructions outlined on the label","à utiliser conformément au mode d'emploi figurant sur l'étiquette.",2,"2004-09-15 09:04:42"
15,e1,Construction materials for walls,Matériaux pour les murs,Construction materials for walls,Matériaux pour les murs,"be used in keeping with the manufacturers' specifications, to provide a finish in keeping with CFIA requirements","à utiliser conformément aux spécifications du fabricant de façon à assurer un fini conforme aux exigences de l'ACIA.",4,"2004-09-15 18:14:42"
16,e2,Construction materials for floors,Matériaux pour les planchers,Construction materials for floors,Matériaux pour les planchers,"be used in keeping with the manufacturers' specifications, to provide a finish in keeping with CFIA requirements","à utiliser conformément aux spécifications du fabricant de façon à assurer un fini conforme aux exigences de l'ACIA.",4,"2004-09-15 18:40:30"
17,e3,Construction materials for ceilings,Matériaux pour les plafonds,Construction materials for ceilings,Matériaux pour les plafonds,"be used in keeping with the manufacturers' specifications, to provide a finish in keeping with CFIA requirements","à utiliser conformément aux spécifications du fabricant de façon à assurer un fini conforme aux exigences de l'ACIA.",4,"2004-09-15 18:40:43"
18,e4,Construction materials for structural members,Matériaux de charpente,Construction materials for structural members,Matériaux de charpente,"be used in keeping with the manufacturers' specifications, to provide a finish in keeping with CFIA requirements","à utiliser conformément aux spécifications du fabricant de façon à assurer un fini conforme aux exigences de l'ACIA.",4,"2004-09-15 18:40:56"
19,e5,Insulation construction materials,Matériaux d'isolation,Insulation construction materials,Matériaux d'isolation,"are to be covered with a hard acceptable material to provide a finish in keeping with the manufacturer's specifications and CFIA requirements.","à utiliser conformément aux spécifications du fabricant de façon à assurer un fini conforme aux exigences de l'ACIA.",4,"2004-09-15 18:41:14"
20,e6,Wall and ceiling panel,Panneaux de murs et de plafonds,Wall and ceiling panel,Panneaux de murs et de plafonds,"to be used in keeping with the manufacturers' specifications, to provide a finish in keeping with CFIA requirements. Wall and ceiling panel joints are to be sealed flush with an accepted flexible caulking compound.","à utiliser conformément aux spécifications du fabricant de façon à assurer un fini conforme aux exigences de l'ACIA.",4,"2004-09-15 18:41:31"
21,e7,Pipe coverings,Enveloppes de tuyaux,Pipe coverings,Enveloppes de tuyaux,"to be used in keeping with the manufacturers' specifications, to provide a finish in keeping with CFIA requirements","à utiliser conformément aux spécifications du fabricant de façon à assurer un fini conforme aux exigences de l'ACIA.",4,"2004-09-15 18:41:43"
22,e8,Other construction material for non-food contact,Autres matériaux de construction sans contact avec les aliments,Other construction material for non-food contact,Autres matériaux de construction sans contact avec les aliments,"with the manufacturers' specifications, to provide a finish in keeping with CFIA requirements","à utiliser conformément aux spécifications du fabricant de façon à assurer un fini conforme aux exigences de l'ACIA.",4,"2004-09-15 18:42:01"
24,f2,Prefabricated sandwich ceiling panels,Panneaux de plafond sandwichs préfabriqués,Prefabricated sandwich ceiling panels,Panneaux de plafond sandwichs préfabriqués,"are to be installed in keeping with manufacturers' recommendations for installation in order to meet CFIA requirements. All joints are to be made smooth and flush with an accepted flexible caulking compound","à installer conformément aux recommandations du fabricant de façon à satisfaire les exigences de l'ACIA. Tous joints soient lisses, et à ras, et sont scellés à l'aide d'une pâte à calfeutrer souple acceptée",5,"2004-09-15 18:42:43"
25,f3,Doors which will have incidental/accidental food contact,Portes en contact occasionnel/accidentel avec les aliments,Doors which will have incidental/accidental food contact,Portes en contact occasionnel/accidentel avec les aliments,"are to be installed in keeping with manufacturers' recommendations for installation in order to meet CFIA requirements","à installer conformément aux recommandations du fabricant de façon à satisfaire les exigences de l'ACIA",5,"2004-09-15 18:42:54"
26,f4,"Doors or curtains, through which only packaged protected products pass",Portes ou rideaux où ne passent que les produits protégés par un emballage,"Doors or curtains, through which only packaged protected products pass",Portes ou rideaux où ne passent que les produits protégés par un emballage,"to be installed in keeping with manufacturers' recommendations for installation in order to meet CFIA requirements","À être installés conformément aux recommandations du fabricant de façon à satisfaire les exigences de l'ACIA",5,"2004-09-15 18:43:07"
27,f5,Suspended ceiling panels system,Système de panneaux de plafond suspendus,Suspended ceiling panels system,Système de panneaux de plafond suspendus,"are to be installed in keeping with manufacturers' recommendations for installation in order to meet CFIA requirements. All joints are to be sealed with an accepted flexible caulking compound.","À installer conformément aux recommandations du fabricant de façon à satisfaire les exigences de l'ACIA. Tous les joints doivent être scellés à l'aide d'une pâte à calfeutrer souple acceptée",5,"2004-09-15 18:43:21"
40,g,Miscellaneous,Divers,Miscellaneous,Divers,"before use, installation or operation, contact the Program Officer, Hygienic Environment for specific provisions","avant l'utilisation, l'installation ou le fonctionnement, communiquer avec l'Agent de Programmes, Environnement hygiènique pour connaître les dispositions particulières",6,"2004-09-15 20:53:54"
41,h1,In plant containers for food contact,Contenants utilisés dans l'usine en contact avec les aliments,In plant containers for food contact,Contenants utilisés dans l'usine en contact avec les aliments,"are to be used in keeping with manufacturers' specifications and intended use","à utiliser conformément aux spécifications du fabricant et à l'utilisation prévue",7,"2004-09-15 20:58:20"
42,h2,In plant containers for non-food contact,Contenants utilisés dans l'usine sans contact avec les aliments,In plant containers for non-food contact,Contenants utilisés dans l'usine sans contact avec les aliments,"are to be used in keeping with manufacturers' specifications and intended use","à utiliser conformément aux spécifications du fabricant et à l'utilisation prévue",7,"2004-09-15 20:59:10"
43,h3,Disposable shipping containers/single use for food contact,Contenants d'expédition jetables/à utilisation unique en contact avec les aliments,Disposable shipping containers/single use for food contact,Contenants d'expédition jetables/à utilisation unique en contact avec les aliments,"are to be used in keeping with manufacturers' specifications and intended use","à utiliser conformément aux spécifications du fabricant et à l'utilisation prévue",7,"2004-09-15 20:59:48"
44,h4,Disposal shipping containers/ single use for non-food contact,Contenants d'expédition jetables/à utilisation unique sans contact avec les aliments,Disposal shipping containers/ single use for non-food contact,Contenants d'expédition jetables/à utilisation unique sans contact avec les aliments,"are to be used in keeping with manufacturers' specifications and intended use","à utiliser conformément aux spécifications du fabricant et à l'utilisation prévue",7,"2004-09-15 21:00:05"
45,h5,Reusable shipping containers for food contact,Contenants d'expédition réutilisables en contact avec les aliments,Reusable shipping containers for food contact,Contenants d'expédition réutilisables en contact avec les aliments,"are to be used in keeping with manufacturers' specifications and intended use","à utiliser conformément aux spécifications du fabricant et à l'utilisation prévue",7,"2004-09-15 21:00:19"
46,h6,Reusable shipping containers for non-food contact,Contenants d'expédition réutilisables sans contact avec les aliments,Reusable shipping containers for non-food contact,Contenants d'expédition réutilisables sans contact avec les aliments,"are to be used in keeping with manufacturers' specifications and intended use","à utiliser conformément aux spécifications du fabricant et à l'utilisation prévue",7,"2004-09-15 21:00:32"
47,i1,Red meat,Viande rouge,Red meat,Viande rouge,"which is a compound to make a meat product repulsive in appearance or odour by adding a substance to it","composé destiné à rendre un produit carné d'apparence ou d'odeur repoussante en lui ajoutant une substance",8,"2004-09-15 21:00:46"
48,i2,White meat,Viande blanche,White meat,Viande blanche,"which is a compound to make a meat product repulsive in appearance or odour by adding a substance to it","composé destiné à rendre un produit carné d'apparence ou d'odeur repoussante en lui ajoutant une substance",8,"2004-09-15 21:01:03"
49,i1,Red meat,Viande rouge,Red meat,Viande rouge,,,9,"2004-09-15 21:01:13"
50,i2,White meat,Viande blanche,White meat,Viande blanche,,,9,"2004-09-15 21:01:30"
51,k1,Food handling environment,Aire alimentaire,Food handling environment,Aire alimentaire,"to be used in keeping with the instructions outlined on the label. The use of deodorizers should not mask odours as a result of poor sanitation practice","à utiliser conformément au mode d'emploi figurant sur l'étiquette. L'utilisation d'un désodorisant ne devrait pas masquer les odeurs résultant de mauvaises pratiques d'hygiène",10,"2004-09-15 21:01:42"
52,k2,Non-food handling environment,Aire non alimentaire,Non-food handling environment,Aire non alimentaire,"To be used in keeping with the instructions outlined on the label. The use of deodorizers should not mask odours as a result of poor sanitation practice.","à utiliser conformément au mode d'emploi figurant sur l'étiquette. L'utilisation d'un désodorisant ne devrait pas masquer les odeurs résultant de mauvaises pratiques d'hygiène.",10,"2004-09-15 21:02:04"
53,L1,General use disinfectants,Désinfectants à usage général,Disinfectants general,Désinfectants à usage général,"disinfectants are to be used in keeping with the instructions outlined on the label","les désinfectants doivent être utilisés conformément aux instructions décrites sur l'étiquette.",11,"2004-09-15 21:02:18"
54,L2,"Disinfectants - poultry crates, livestock trucks","Désinfectants de cageots à volaille, de bétaillères","Disinfectants - poultry crates, livestock trucks","Désinfectants de cageots à volaille, de bétaillères","disinfectants are to be used in keeping with the instructions outlined on the label","les désinfectants doivent être utilisés conformément aux instructions décrites sur l'étiquette.",11,"2004-09-15 21:02:59"
55,LL1,Shell egg cleaning compound,Agent nettoyant de coquilles d'oeuf,Shell egg cleaning compound,Agent nettoyant de coquilles d'oeuf,"are to be used in keeping with the instructions outlined on the label","à utiliser conformément au mode d'emploi figurant sur l'étiquette",12,"2004-09-15 21:03:16"
56,LL2,Shell egg sanitizing compound,Agent assainisseur de coquilles d'oeuf,Shell egg sanitizing compound,Agent assainisseur de coquilles d'oeuf,"are to be used in keeping with the instructions outlined on the label","à utiliser conformément au mode d'emploi figurant sur l'étiquette",12,"2004-09-15 21:03:39"
57,LL3,Foam control compound,Agent de contrôle de la mousse,Foam control compound,Agent de contrôle de la mousse,"are to be used in keeping with the instructions outlined on the label","à utiliser conformément au mode d'emploi figurant sur l'étiquette",12,"2004-09-15 21:04:02"
58,LL4,Egg shell markings inks,Encre pour marquer les coquilles d'oeuf,Egg shell markings inks,Encre pour marquer les coquilles d'oeuf,"are to be used in keeping with the instructions outlined on the label","à utiliser conformément au mode d'emploi figurant sur l'étiquette",12,"2004-09-15 21:04:17"
59,LL5,Oil treatment products for shell eggs,Produits pour le traitement à l'huile de coquilles d'oeuf,Oil treatment products for shell eggs,Produits pour le traitement à l'huile de coquilles d'oeuf,"are to be used in keeping with the instructions outlined on the label","à utiliser conformément au mode d'emploi figurant sur l'étiquette",12,"2004-09-15 21:04:35"
60,o1,Meat marking/printing inks for food contact,Encres à estampilles pour viande/encres à imprimer venant en contact avec les aliments,Meat marking/printing inks for food contact,Encres à estampilles pour viande/encres à imprimer venant en contact avec les aliments,"to be used in keeping with instructions outlined on the label or in keeping with manufacturers recommendations for the purpose intended","à imprimer venant en contact avec les aliments à utiliser conformémemnt au mode d'emploi figurant sur l'étiquette ou aux recommadations du fabricant pour l'usage prévu",13,"2004-09-15 21:04:51"
61,o2,Printing inks for non-food contact,Encres d'imprimerie sans contact avec les aliments,Printing inks for non-food contact,Encres d'imprimerie sans contact avec les aliments,"to be used in keeping with instructions outlined on the label or in keeping with manufacturers recommendations for the purpose intended","à utiliser conformémemnt au mode d'emploi figurant sur l'étiquette ou aux recommadations du fabricant pour l'usage prévu",13,"2004-09-15 21:05:48"
63,n1,General,Généralités,General,Généralités,"""avoid food contamination during application and storage"" to be used in keeping with the instructions outlined on the label","""éviter la contamination des aliments pendant l'application et le stockage."" À utiliser conformément au mode d'emploi figurant sur l'étiquette.",14,"2004-09-15 21:06:33"
64,n2,Hydraulic Oil,Huile hydraulique,Hydraulic Oil,Huile hydraulique,"""avoid food contamination during application and storage"" to be used in keeping with the instructions outlined on the label","à utiliser conformément au mode d'emploi figurant sur l'étiquette. Huile hydraulique : ""éviter toute contamination des aliments pendant l'application et l'entreposage""",14,"2004-09-15 21:06:56"
65,n3,Protective Oil,Huile protectrice,Protective Oil,Huile protectrice,"""rinse food contact surface with potable water before re-use"" to be used in keeping with the instructions outlined on the label","à utiliser conformément au mode d'emploi figurant sur l'étiquette. Huile protectrice : ""rincer toute surface venant en contact avec les aliments à l'eau potable avant de la réutiliser""",14,"2004-09-15 21:07:12"
66,p1,Floor Drying Compounds,Siccatifs à plancher,Floor Drying Compounds,Siccatifs à plancher,,,15,"2004-09-15 21:07:27"
67,p2,Industrial Anti-Freeze,Antigel industriel,Industrial Anti-Freeze,Antigel industriel,,,15,"2004-09-15 21:07:47"
68,p3,General,Général,General,Général,,,15,"2004-09-15 21:07:59"
69,pp1,"Tubing, Piping, Spouts and Fittings for Maple Sap","Tuyaux, canalisation, chalumeaux et raccords pour la sève d'érable","Tubing, Piping, Spouts and Fittings for Maple Sap","Tuyaux, canalisation, chalumeaux et raccords pour la sève d'érable",,,16,"2004-09-15 21:08:13"
70,pp2,Storage and Holding Tanks,Réservoir d'entreposage et de rétention,"Storage, Holding Tanks, Bulk Shipping Containers, Liners & Internal Coatings for Maple Sap","Réservoir d'entreposage et de rétention, contenants d'expédition en vrac, revêtements et doublures intérieurs pour la sève d'érable",,,16,"2004-09-15 21:10:46"
71,pp3,Filters and Filtering Agents,Filtres et agents de filtration,Filters and Filtering Agents,Filtres et agents de filtration,,,16,"2004-09-15 21:11:06"
73,pp5,Cleaners,Agents nettoyants,"Cleaners for Outside Collecting Systems, Transport and Storage for Maple Sap","Agents nettoyants pour les systèmes de collecte extérieurs, de transport et d'entreposage de la sève d'érable","to be used in keeping with instructions outlined on the label","à utiliser confirmément au mode d'emploi figurant sur l'étiquette",16,"2004-09-15 21:11:40"
75,z1,For poultry carcass wash/chillers,Lavage/refroidisseurs des carcasses de volailles,For poultry carcass wash/chillers,Lavage/refroidisseurs des carcasses de volailles,"to be used in keeping with the instructions outlined on the label not to exceed the concentration levels as per use.","à utiliser conformément au mode d'emploi figurant sur l'étiquette",17,"2004-09-15 21:12:12"
76,z3,For red meat carcass wash,Lavage des carcasses de viande rouge,For red meat carcass wash,Lavage des carcasses de viande rouge,"to be used in keeping with the instructions outlined on the label not to exceed the concentration levels as per use.","à utiliser conformément au mode d'emploi figurant sur l'étiquette",17,"2004-09-15 21:12:35"
77,z4,For fruit & vegetable wash,Lavage des fruits et des légumes,For fruit & vegetable wash,Lavage des fruits et des légumes,"to be used in keeping with the instructions outlined on the label not to exceed the concentration levels as per use.","à utiliser conformément au mode d'emploi figurant sur l'étiquette",17,"2004-09-15 21:12:49"
78,z5,For fruit & vegetable flume water,Eau de circulation des rigoles servant au lavage des fruits et des légumes,For fruit & vegetable flume water,Eau de circulation des rigoles servant au lavage des fruits et des légumes,"to be used in keeping with the instructions outlined on the label not to exceed the concentration levels as per use.","à utiliser conformément au mode d'emploi figurant sur l'étiquette",17,"2004-09-15 21:13:04"
79,z6,For fish products,Produits de poisson,For fish products,Produits de poisson,"to be used in keeping with the instructions outlined on the label not to exceed the concentration levels as per use.","à utiliser conformément au mode d'emploi figurant sur l'étiquette",17,"2004-09-15 21:13:19"
80,z7,For can cooling water,Eau de refroidissement pour conserve,For can cooling water,Eau de refroidissement pour conserve,"to be used in keeping with the instructions outlined on the label not to exceed the concentration levels as per use.","à utiliser conformément au mode d'emploi figurant sur l'étiquette",17,"2004-09-15 21:13:38"
81,q1,Food contact,Matériaux en contact avec les aliments,Food contact,Matériaux en contact avec les aliments,"to be used in keeping with manufacturers specifications and intended use","à utiliser conformément aux spécifications du fabricant et à l'usage prévu.",18,"2004-09-15 21:13:55"
82,q2,Non-food contact,Matériaux sans contact direct avec les aliments,Non-food contact,Matériaux sans contact direct avec les aliments,"to be used in keeping with manufacturers specifications and intended use","à utiliser conformément aux spécifications du fabricant et à l'usage prévu",18,"2004-09-15 21:14:13"
83,q3,Casing printed,Boyau imprimé,"Casing printed; cellulose, collagen parchment, plastic, synthetic, fibrous, etc.","Boyau imprimé; cellulose, parchemin de collagène, plastique, synthétique, fibreux, etc.","to be used in keeping with manufacturers specifications and intended use","à utiliser conformément aux spécifications du fabricant et à l'usage prévu",18,"2004-09-15 21:14:51"
84,q4,Casing unprinted,Boyau non imprimé,"Casing unprinted; cellulose, collagen parchment, plastic, synthetic, fibrous, etc","Boyau non imprimé; cellulose, parchemin de collagène, plastique, synthétique, fibreux, etc.","to be used in keeping with manufacturers specifications and intended use","à utiliser conformément aux spécifications du fabricant et à l'usage prévu",18,"2004-09-15 21:15:09"
85,q5,"Coatings, adhesives with food contact","Revêtements, adhésifs en contact avec les aliments","Coatings, adhesives with food contact","Revêtements, adhésifs en contact avec les aliments","to be used in keeping with manufacturers specifications and intended use","à utiliser conformément aux spécifications du fabricant et à l'usage prévu",18,"2004-09-15 21:15:29"
86,q6,"Coatings, adhesives with non-food contact","Revêtements, adhésifs sans contact avec les aliments","Coatings, adhesives with non-food contact","Revêtements, adhésifs sans contact avec les aliments","to be used in keeping with manufacturers specifications and intended use","à utiliser conformément aux spécifications du fabricant et à l'usage prévu",18,"2004-09-15 21:15:44"
87,q7,Gas for modified atmosphere packaging,Gaz pour emballage à atmosphère modifiée,Gas for modified atmosphere packaging,Gaz pour emballage à atmosphère modifiée,"to be used in keeping with manufacturers specifications and intended use","à utiliser conformément aux spécifications du fabricant et à l'usage prévu",18,"2004-09-15 21:15:57"
88,q8,Maximum temperature stated on the label,La température maximum indiquée sur l'étiquette,For use in keeping with the maximum temperature stated on the label,A utiliser conformément à la température maximum indiquée sur l'étiquette,"to be used in keeping with manufacturers specifications and intended use","à utiliser conformément aux spécifications du fabricant et à l'usage prévu",18,"2004-09-15 21:16:12"
91,s1,Bleaches/scalding compounds,Décolorants/agents d'échaudage,Bleaches/scalding compounds,Décolorants/agents d'échaudage,"to be used in keeping with instructions outlined on the label or in keeping with manufacturers recommendations for the purpose intended","à utiliser conformément au mode d'emploi figurant sur l'étiquette ou aux recommandations du fabricant pour les fins prévues",20,"2004-09-15 21:17:11"
92,s2,Desiccants for use in food handling areas,Siccatifs à utiliser dans les aires alimentaires,Desiccants for use in food handling areas,Siccatifs à utiliser dans les aires alimentaires,"to be used in keeping with instructions outlined on the label or in keeping with manufacturers recommendations for the purpose intended","à utiliser conformément au mode d'emploi figurant sur l'étiquette ou aux recommandations du fabricant pour les fins prévues",20,"2004-09-15 21:17:23"
93,s3,Desiccants for non-food handling areas,Siccatifs à utiliser dans les aires non alimentaires,Desiccants for non-food handling areas,Siccatifs à utiliser dans les aires non alimentaires,"to be used in keeping with instructions outlined on the label or in keeping with manufacturers recommendations for the purpose intended","à utiliser conformément au mode d'emploi figurant sur l'étiquette ou aux recommandations du fabricant pour les fins prévues",20,"2004-09-15 21:17:56"
94,s4,Filters and filtration agents,Filtres et agents de filtration,Filters and Filtration agents,Filtre et agents de filtration,"to be used in keeping with instructions outlined on the label or in keeping with manufacturers recommendations for the purpose intended","à utiliser conformément au mode d'emploi figurant sur l'étiquette ou aux recommandations du fabricant pour les fins prévues",20,"2004-09-15 21:18:10"
95,s5,Antifoam agents with food contact and descaling,Agents antimousse en contact avec les aliments et détartreurs,Antifoam agents with food contact and descaling,Agent antimousse en contact aves les aliments et détartreur,"to be used in keeping with instructions outlined on the label or in keeping with manufacturers recommendations for the purpose intended","à utiliser conformément au mode d'emploi figurant sur l'étiquette ou aux recommandations du fabricant pour les fins prévues",20,"2004-09-15 21:18:25"
96,t1,General,Généralités,General,Généralités,"to be used in keeping with the manufacturers' recommendations and in keeping with the instructions outlined on the label","à utiliser conformément aux recommandations du fabricant et au mode d'emploi figurant sur l'étiquette",21,"2004-09-15 21:18:46"
97,t2,Immersion freezing,Congélation par immersion,Immersion freezing,Congélation par immersion,"to be used in keeping with the manufacturers' recommendations and in keeping with the instructions outlined on the label","à utiliser conformément aux recommandations du fabricant et au mode d'emploi figurant sur l'étiquette",21,"2004-09-15 21:19:14"
98,t3,Brine additives,Additifs à saumure,Brine additives,Additifs à saumure,"to be used in keeping with the manufacturers' recommendations and in keeping with the instructions outlined on the label","à utiliser conformément aux recommandations du fabricant et au mode d'emploi figurant sur l'étiquette",21,"2004-09-15 21:19:31"
99,u1,Food contact,En contact avec les aliments,Food contact,En contact avec les aliments,"to be used with instructions outlined on the label","à utiliser conformément au mode d'emploi figurant sur l'étiquette",22,"2004-09-15 21:19:48"
100,u2,Non-food contact,Sans contact avec les aliments,Non-food contact,Sans contact avec les aliments,"to be used with instructions outlined on the label","à utiliser conformément au mode d'emploi figurant sur l'étiquette",22,"2004-09-15 21:20:11"
101,v1,General use sanitizers,Assainisseurs à usage général,General use sanitizers,Assainisseurs à usage général,"to be used with instructions outlined on the label","à utiliser conformément au mode d'emploi figurant sur l'étiquette",23,"2004-09-15 21:20:29"
102,v2,Hand dip,Trempe-mains,Hand dip,Trempe-mains,"to be used with instructions outlined on the label","à utiliser conformément au mode d'emploi figurant sur l'étiquette",23,"2004-09-15 21:20:49"
104,w2,Boiler water treatment compounds where the treated water or the steam produced will not come in contact with food products,Composés de traitement de l'eau des bouilloires où l'eau traitée ou la vapeur produite ne doit pas entrer en contact avec des produits alimentaires,"Boiler water treatment for the treating of water, steam and/or cooling systems where the treated water or the steam produced will not come in contact with food products","Composés de traitement de l'eau des bouilloires, des systèmes à vapeur et/ou de refroidissement dans lesquels l'eau traitée ou la vapeur produite ne viendra pas en contact avec des produits alimentaires","to be used in keeping with instructions outlined on the label and in keeping with manufacturers' recommendations.","à utiliser conformément aux instructions décrites sur l'étiquette et conformément aux recommandations des fabricants.",24,"2004-09-15 21:21:18"
112,v3,Hand sanitizers,Assainisseurs à mains,Hand sanitizers,Assainisseurs à mains,"to be used with instructions outlined on the label","à utiliser conformément au mode d'emploi figurant sur l'étiquette",23,"2004-09-15 21:20:49"
113,L3,Hand disinfectants,Désinfectants à mains,Hand disinfectants,Désinfectants à mains,"disinfectants are to be used in keeping with the instructions outlined on the label","les désinfectants doivent être utilisés conformément aux instructions décrites sur l'étiquette.",11,"2004-09-15 21:02:18"
9,d1,Coating for walls and ceilings,Revêtement de murs et de plafonds,Coating for walls and ceilings,Revêtement de murs et de plafonds,"must be applied in keeping with manufacturers' recommendations for application on hard smooth level surfaces which will provide a finish in keeping with CFIA requirements. To avert possible adverse organoleptic effects in food, which are processed in the area, adequate precautions should be taken to ensure that the volatile constituents of the applied products do not contaminate the foods.","à appliquer conformément aux recommandations du fabricant sur une surface plane, dure et lisse dont le fini est conforme aux exigences de l'ACIA. Pour éviter la possibilité d'effets organoleptiques négatifs dans les aliments préparés dans l'aire en question, il faut prendre des précautions suffisantes pour s'assurer que les constituants volatiles des produits appliqués ne contaminent pas les aliments.",3,"2004-09-15 09:04:57"
10,d2,Coating for floors,Revêtement de planchers,Coating for floors,Revêtement de planchers,"must be applied in keeping with manufacturers' recommendations for application on hard smooth level surfaces which will provide a finish in keeping with CFIA requirements. To avert possible adverse organoleptic effects in food, which are processed in the area, adequate precautions should be taken to ensure that the volatile constituents of the applied products do not contaminate the foods.","à appliquer conformément aux recommandations du fabricant sur une surface plane, dure et lisse dont le fini est conforme aux exigences de l'ACIA. Pour éviter la possibilité d'effets organoleptiques négatifs dans les aliments préparés dans l'aire en question, il faut prendre des précautions suffisantes pour s'assurer que les constituants volatiles des produits appliqués ne contaminent pas les aliments.",3,"2004-09-15 09:05:11"
11,d3,Coating for structural members,Revêtement pour pièces de charpente,Coating for structural members,Revêtement pour pièces de charpente,"must be applied in keeping with manufacturers' recommendations for application on hard smooth level surfaces which will provide a finish in keeping with CFIA requirements. To avert possible adverse organoleptic effects in food, which are processed in the area, adequate precautions should be taken to ensure that the volatile constituents of the applied products do not contaminate the foods.","à appliquer conformément aux recommandations du fabricant sur une surface plane, dure et lisse dont le fini est conforme aux exigences de l'ACIA. Pour éviter la possibilité d'effets organoleptiques négatifs dans les aliments préparés dans l'aire en question, il faut prendre des précautions suffisantes pour s'assurer que les constituants volatiles des produits appliqués ne contaminent pas les aliments.",3,"2004-09-15 09:05:49"
12,d4,Internal tank coatings for food or potable water contact,Revêtement intérieur pour citerne qui sera en contact avec les aliments ou l'eau potable,Internal tank coatings for food or potable water contact,Revêtement intérieur pour citerne qui sera en contact avec les aliments ou l'eau potable,"must be applied in keeping with manufacturers' recommendations for application on hard smooth level surfaces which will provide a finish in keeping with CFIA requirements. To avert possible adverse organoleptic effects in food, which are processed in the area, adequate precautions should be taken to ensure that the volatile constituents of the applied products do not contaminate the foods.","à appliquer conformément aux recommandations du fabricant sur une surface plane, dure et lisse dont le fini est conforme aux exigences de l'ACIA. Pour éviter la possibilité d'effets organoleptiques négatifs dans les aliments préparés dans l'aire en question, il faut prendre des précautions suffisantes pour s'assurer que les constituants volatiles des produits appliqués ne contaminent pas les aliments.",3,"2004-09-15 09:06:02"
13,d5,Sealants for minimal or incidental food contact,Pâte à calfeutrer ayant un contact minimal ou accidentel avec les aliments,Sealants for minimal or incidental food contact,Pâte à calfeutrer ayant un contact minimal ou accidentel avec les aliments,"must be applied in keeping with manufacturers' recommendations for application on hard smooth level surfaces which will provide a finish in keeping with CFIA requirements. To avert possible adverse organoleptic effects in food, which are processed in the area, adequate precautions should be taken to ensure that the volatile constituents of the applied products do not contaminate the foods.","à appliquer conformément aux recommandations du fabricant sur une surface plane, dure et lisse dont le fini est conforme aux exigences de l'ACIA. Pour éviter la possibilité d'effets organoleptiques négatifs dans les aliments préparés dans l'aire en question, il faut prendre des précautions suffisantes pour s'assurer que les constituants volatiles des produits appliqués ne contaminent pas les aliments.",3,"2004-09-15 09:06:14"
14,d6,Coating for direct food contact,Revêtement pour surface directement en contact avec les aliments ,Coating for direct food contact,Revêtement pour surface directement en contact avec les aliments ,"must be applied in keeping with manufacturers' recommendations for application on hard smooth level surfaces which will provide a finish in keeping with CFIA requirements. To avert possible adverse organoleptic effects in food, which are processed in the area, adequate precautions should be taken to ensure that the volatile constituents of the applied products do not contaminate the foods.","à appliquer conformément aux recommandations du fabricant sur une surface plane, dure et lisse dont le fini est conforme aux exigences de l'ACIA. Pour éviter la possibilité d'effets organoleptiques négatifs dans les aliments préparés dans l'aire en question, il faut prendre des précautions suffisantes pour s'assurer que les constituants volatiles des produits appliqués ne contaminent pas les aliments.",3,"2004-09-15 09:06:36"
23,f1,Prefabricated sandwich wall panels,Panneaux muraux sandwichs préfabriqués,Prefabricated sandwich wall panels,Panneaux muraux sandwichs préfabriqués,"To be installed in keeping with CFIA requirements. Panels are to be smooth and level. All joints are to be made smooth and flush with an accepted flexible caulking compound. It is recommended that panels be provided with a concrete curbing of sufficient height and width.","À être installés conformément aux exigences de l'ACIA. Les panneaux doivent être lisses et unis. Tous les joints devront être lisses et affleurants effectués à l'aide d'une pâte à calfeutrer souple acceptée. Il est recommandé que les panneaux soient accompagnés de murets en béton de hauteur et de largeur
suffisantes.",5,"2004-09-15 18:42:31"
62,n,Incidental Food Contact,Contact occasionnel avec les aliments,Incidental Food Contact,Contact occasionnel avec les aliments,"om 1990 to date, ""do not add directly to the food"", ""only use the amount necessary to achieve the technical effect"",""remove any excess lubricants from food contact surfaces"",""to be used in keeping with good manufacturing practices (GMPs)"". Products with the dagger symbol (†)  means ""Antimicrobial Preservative  Products - this product contains an antimicrobial preservative to protect the lubricant from deterioration, fouling and odour caused by micro-organisms.""","De 1990 à ce jour, ""Ne pas ajouter directement aux aliments"", ""Utiliser seulement la quantité nécessaire pour obtenir l'effet technique désiré"", ""Enlever tout excès de lubrifiant des surfaces en contact avec les aliments"", ""À être utilisé selon les bonnes pratiques industrielles (BPI)"". Les  produits avec le symbole de dague (†) signifient ""produits avec un agent de conservation antimicrobien.  Ces produits contiennent un agent de conservation antimicrobien afin de protéger les lubrifiants de la détérioration, d'encrassement et d'odeurs causés par les microorganismes.""",14,"2004-09-15 21:06:05"
72,pp4,Products for the Treatment of Tap Holes,Produits pour le traitement des entailles,Products for the Treatment of Tap Holes,Produits pour le traitement des entailles,"to be used in keeping with instructions outlined on the label

to be used in keeping with instructions outlined on the label. Please note that this type of product is subjected to the Pest Control Act and must comply with the requirements of the Pest Management and Regulatory Agency (PMRA)","à utiliser conformément au mode d'emploi figurant sur l'étiquette. Veuillez noter que ce type de produit en sujet à la Loi sur les produits antiparasitaires et doit répondre aux exigences de l'Agence de réglementation de la lutte antiparasitaire (ARLA)",16,"2004-09-15 21:11:22"
74,pp6,Sanitizers,Assainisseurs,"Sanitizers for Outside Collecting Systems, Transport and Storage for Maple Sap","Assainisseurs pour les systèmes extérieurs de collecte, de transport et d'entreposage de la sève d'érable","These products are subject to the Food and Drugs Act and will require a letter of non-objection from Health Canada, Health Products and Food Branch, Bureau of Chemical Safety, Chemical Health Hazard Assessment Division, prior to their listing on the web site. to be used in keeping with instructions outlined on the label","Ces produits sont assujettis à la Loi sur les aliments et drogues et ainsi requièrent une lettre de non objection de la part de Santé Canada, Bureau d'innocuité des produtis chimiques, Division de l'évaluation du danger des produits chimiques pour la santé, avant leur inscription sur le site internet, à utiliser confirmément au mode d'emploi figurant sur l'étiquette",16,"2004-09-15 21:11:56"
89,q9,Food additive statement to appear on the label,"La mention additif alimentaire, doit apparaître sur l'étiquette",Food additive statement to appear on the label,"La mention additif alimentaire, doit apparaître sur l'étiquette","In the use of these particular casings (i.e. flavoured/coloured casings), it is the responsibility of the food processor to comply with the Food and Drugs Act and its Regulations and the Meal Hygiene Manual, Chapter 7, with respect to the appropriate labelling requirements, to be used in keeping with manufacturers specifications and intended use","Lors de l'utilisation de ces boyaux particuliers (i.e. boyaux à saveur ajoutée/colorés), il est de la responsabilité du transformateur alimentaire de rencontrer les exigences de la Loi et règlements des aliments et drogues et les exigences d'étiquetage du Manuel de l'hygiène des viandes, chapitre 7. à utiliser conformément aux spécifications du fabricant et à l'usage prévu",18,"2004-09-15 21:16:26"
90,r2,Pesticides,Pesticides,Use of pesticides in a food plant,Utilisation des pesticides dans un établissement alimentaire,"Only those Commercial Pesticides that have been registered with Pest Management Regulatory Agencies (PMRA) under the Pesticide Control Products Act (PCPA) and its Regulations and have been issued a PCP Registration Number, along with specific directions for use in a food processing plant are permitted for use in a commercial food plant, in keeping with the instructions outlined on the registered label.","Seuls les pesticides commerciaux qui ont été enregistrés par l'Agence de réglementation de la lutte antiparasitaire (ARLA) sous la Loi sur les produits antiparasitaires et ses réglements et pour lesquels un numéro # de P.C.P. a été émis, incluant le mode d'emploi spécifique pour un établissement alimentaire, sont permis pour utilisation dans un établissement alimentaire commercial, en tenant compte des instructions décrites sur l'étiquette du produit enregisté.",19,"2004-09-15 21:16:43"
103,w1,Boiler water treatment compounds where the treated water or the steam produced may come in contact with food products,Composés de traitement de l'eau des bouilloires où l'eau traitée ou la vapeur produite peut entrer en contact avec des produits alimentaires,"Boiler water treatment compounds for the treating of water, steam and/or cooling systems where the water or the steam produced may come in contact with food products","Composés de traitement de l'eau des bouilloires, des systèmes à vapeur et/ou de refroidissement dans lesquels l'eau traitée ou la vapeur produite peut entrer en contact avec des produits alimentaires","to be used in keeping with instructions outlined on the label and in keeping with manufacturers' recommendations. Note for Dairy Operations: The following chemicals used in water treatment compounds are not considered acceptable for use in the processing of milk and milk products. Therefore it is important that the operator of a dairy plant read the label of all water treatment compounds and consult with the manufacturer to assure that the water treatment compounds do not contain the following chemicals: 2-Amino-2-methyl- 1-propanol, Cyclohexylamine, Diethylaminoethanol, Morpholine, Octadecylamine, N,N-Bis (2-hydroxyethyl) Alkyl C 12 -C 18 ) amine derived from coconut oil, Trisodium nitrilotriacetate). For more information, please visit Part 7 of the Guidelines for Incidental Additive Submissions from Health Canada at the following website :  <a href='http://www.hc-sc.gc.ca/fn-an/legislation/guide-ld/guide_incidental_addit_indirects-eng.php'>http://www.hc-sc.gc.ca/fn-an/legislation/guide-ld/guide_incidental_addit_indirects-eng.php</a>","à utiliser conformément aux instructions décrites sur l'étiquette et conformément aux recommandations des fabricants. Note pour les Opérations Laitières : Les produits chimiques suivants ne sont pas considérés comme acceptables dans le traitement de l'eau pour utilisation dans les usines de traitement du lait ou des produits laitiers. Il est donc important que l'opérateur d'une usine (plant) laitière puisse lire l'étiquette de tous les composés de traitement d'eau et consulter le fabricant afin de s'assurer que les composés de traitement d'eau ne contiennent pas les composés suivants: 2-Amino-2-methyl- 1-propanol, Cyclohexylamine, Diethylaminoethanol, Morpholine, Octadecylamine, N,N-Bis (2-hydroxyethyl) Alkyl (C 12 -C 18 ) amine derived from coconut oil, Trisodium nitrilotriacetate). Pour plus d'information, veuillez consulter la partie 7 des Directives relatives aux demandes d'autorisation concernant les additifs indirects de Santé Canada au site web suivant : <a href='http://www.hc-sc.gc.ca/fn-an/legislation/guide-ld/guide_incidental_addit_indirects-fra.php'>http://www.hc-sc.gc.ca/fn-an/legislation/guide-ld/guide_incidental_addit_indirects-fra.php</a>",24,"2004-09-15 21:21:01"
105,x1,Protective apparel with food contact,Vêtements protecteurs en contact avec les aliments,Protective apparel with food contact,Vêtements protecteurs en contact avec les aliments,"To be used in keeping with Food Safety Directorate requirements.<br />Note:<br />1- This acceptance does not imply compliance with labour occupational safety and health requirements. It is recognized that a certain percentage of the general population suffers from allergies when in contact with products made with latex.Therefore, it is the responsibility of the food plant management to make sure that their employees are not affected by the use of latex gloves.<br />
2- Food plants preparing hypoallergenic foods, or advertising their foods as such, should not use gloves made from latex because the possibility of allergic reaction due to the latex transfer to the food products.","À être utilisés conformément aux exigences de la Direction de la salubrité des aliments.<br />     
Note:<br />1- Cette acceptation n'implique pas de conformité avec la santé et la sécurité au travail. Il est reconnu qu'un certain pourcentage de la population en général souffre d'allergies au contact des produits fabriqués à partir du latex. Il est donc de la responsabilité de la direction des établissements alimentaires de s'assurer que leurs employés ne soient pas affectés par l'utilisation de gants au latex.<br />2- Les établissements qui préparent des aliments hypoallergéniques ou qui s'annoncent comme tel, ne devraient pas utiliser de gants fabriqués à partir du latex en raison des possibilités de réactions allergiques causées par le transfert du latex aux produits alimentaires.",25,"2004-09-15 21:21:49"
106,x2,Protective apparel general,Vêtements protecteurs généraux,General,Général,"To be used in keeping with Food Safety Directorate requirements.<br />Note:<br />This acceptance does not imply compliance with labour occupational safety and health requirements. It is recognized that a certain percentage of the general population suffers from allergies when in contact with products made with latex.Therefore, it is the responsibility of the food plant management to make sure that their employees are not affected by the use of latex gloves.","À être utilisés conformément aux exigences de la Direction de la salubrité des aliments.<br />Note:<br />Cette acceptation n'implique pas de conformité avec la santé et la sécurité au travail. Il est reconnu qu'un certain pourcentage de la population en général souffre d'allergies au contact des produits fabriqués à partir du latex. Il est donc de la responsabilité de la direction des établissements alimentaires de s'assurer que leurs employés ne soient pas affectés par l'utilisation de gants au latex.",25,"2004-09-15 21:22:06"
107,x3,Protective apparel (impervious material),Vêtements protecteurs (matériel imperméable),Protective apparel must be covered with accepted impervious material for food contact,Vêtements protecteurs devant être recouverts avec un matériel imperméable accepté pour le contact avec les aliments,"Protective apparel must be covered with accepted impervious material for food contact To be used in keeping with the Canadian Food Inspection Agency requirements. Note: This acceptance does not imply compliance with labor occupational safety and health standards.","Vêtements protecteurs devant être recouverts avec un matériel imperméable approuvé pour le contact avec les aliments à utiliser conformément aux normes de la Agence canadienne d'Inspection des Aliments Notez: Cette acceptation ne suppose aucunement la conformité à des normes professionelles de sécurité et de santé au travail.",25,"2004-09-15 21:22:28"
